Slug,Page Title,Meta Title,Meta Description,H1,First Paragraph
/,"Accounting Firm Automation & Growth Systems | SmartFirm","Accounting Firm Automation & Growth Systems | SmartFirm","SmartFirm builds workflow automation and growth systems for accounting firms. Get cleaner operations, better client experiences, and scalable growth without hiring.","We build systems that run your client work and help your firm grow on autopilot.","You get cleaner workflows, faster responses, and hours back each week to focus on real client work."
/solutions-expert-marketing-agency-for-accounting-firms,"Solutions For Accounting Firms | SmartFirm","Solutions For Accounting Firms | SmartFirm","Solutions for accounting firms drowning in manual work, losing clients to tech-savvier competitors, and burning out from 60-hour weeks. Automate what's slowing you down and grow without the stress.","Stop Feeling Overwhelmed: Solutions For Accounting Firms","Solutions for accounting firms drowning in manual work, losing clients to tech-savvier competitors, and burning out from 60-hour weeks: automate what'..."
/leading-marketing-services-for-accounting-firms,"Firm Automation & Growth Services for Accounting Firms | SmartFirm","Firm Automation & Growth Services for Accounting Firms | SmartFirm","Explore firm automation and growth services for accounting firms: workflow optimization, client systems, technology integration, and scalable operations.","Firm Automation & Growth Services for Accounting Firms","Leading marketing services for accounting firms include turnkey automation platforms, conversion-optimized website design, local SEO, and systematic c..."
/services/all-professional-marketing-services-for-accounting-firms,"Automation & Marketing Services | SmartFirm","Automation & Marketing Services | SmartFirm","Browse complete automation and marketing services for accounting firms—from workflow optimization and client systems to websites, SEO, and growth consulting.","Complete Automation & Marketing Services for Accounting Firms","SmartFirm's professional marketing services for accounting firms span the entire client lifecycle: automated lead capture, website design, SEO, email ..."
/industries-expert-marketing-agency-for-accountants,"Firm Automation by Industry | SmartFirm","Firm Automation by Industry | SmartFirm","Firm automation and growth solutions for solo CPAs, small firms, bookkeepers, tax prep, and business advisory practices with proven results.","Firm Automation by Industry: Solutions for Your Niche","Marketing for accountants requires understanding unique challenges and opportunities in each specialization. SmartFirm delivers AI-driven, customized ..."
/resources,"Accounting Firm Automation Resources | SmartFirm","Accounting Firm Automation Resources | SmartFirm","Accounting firm automation resources including free guides, tools, calculators, and expert insights to help you scale efficiently with proven strategies.","Accounting Firm Automation Resources to Grow Your Firm","CPA marketing resources designed for accounting professionals include comprehensive guides, interactive calculators, and proven strategies to help you..."
/about,"About SmartFirm | Accounting Firm Automation & Consulting","About SmartFirm | Accounting Firm Automation & Consulting","Learn how SmartFirm helps accounting firms scale with workflow automation, growth systems, and consulting that improves efficiency without hiring.","About SmartFirm: Firm Automation & Consulting for Accountants","SmartFirm is a marketing company for accountants, CPAs, and bookkeepers, providing automation, SEO, and client growth systems to help firms thrive in ..."
/contact,"Contact SmartFirm | Firm Automation & Growth Systems","Contact SmartFirm | Firm Automation & Growth Systems","Contact SmartFirm to learn about firm automation, workflow optimization, and growth systems for accounting firms. Schedule a consultation today.","Contact SmartFirm for Firm Automation & Growth Systems","Ready to hire a marketing agency for accounting firms that understands compliance, deadlines, and growth? Contact SmartFirm today."
/get-started,"Get Started | Accounting Firm Automation & Growth Systems | SmartFirm","Get Started | Accounting Firm Automation & Growth Systems | SmartFirm","Get started with SmartFirm's workflow automation and growth systems for accounting firms. Schedule a free consultation, explore our Quick Start program, or contact us to discuss your firm's needs.","Get Started with Firm Automation & Growth Systems","Whether you're exploring digital marketing for CPA firms or ready for automation, SmartFirm makes it simple to get started."
/quick-start-marketing-for-cpa-firms,"Quick Start Automation Package for CPA Firms | SmartFirm","Quick Start Automation Package for CPA Firms | SmartFirm","Launch firm automation in 30 days: client onboarding systems, workflow optimization, email automation, review requests, and operational foundation—ready to scale.","Quick Start Automation Package for CPA Firms","Marketing package for CPA firms delivering a complete system in 30 days: website launch, automated lead follow-up, client onboarding sequences, review..."
/solutions/scale-accounting-firm-successfully,"Scale Your Accounting Firm Successfully | SmartFirm","Scale Your Accounting Firm Successfully | SmartFirm","Scale your accounting firm without chaos. Use automation and systematized processes to double capacity without proportional hiring with SmartFirm's growth ","Scale Your Firm: Grow Successfully Without Chaos or Burnout","Hit a capacity wall where every new client means hiring more people? Scale your accounting firm successfully: automation handles routine work, systema..."
/solutions/stop-losing-clients-to-tech-savvy-cpas,"Watching Clients Leave For Tech-Savvier CPAs? Stop The Loss | SmartFirm","Watching Clients Leave For Tech-Savvier CPAs? Stop The Loss | SmartFirm","Frustrated watching clients leave for younger CPAs with better technology? Stop losing clients to tech-savvy competitors with modern automation and profess","Watching Clients Leave For Tech-Savvier CPAs?","Frustrated watching prospects choose younger firms with slicker websites and faster responses? Stop losing clients to tech-savvy competitors: moderniz..."
/solutions/get-more-referrals-without-asking,"Referrals Drying Up? Get Consistent Client Referrals For Your CPA Firm | SmartFirm","Referrals Drying Up? Get Consistent Client Referrals For Your CPA Firm | SmartFirm","Tired of unpredictable referrals and awkward asks? Get more referrals for your CPA firm with automated review generation and systematic follow-up that fill","Referrals Drying Up? Get Consistent Flow Without Awkward Asks","Tired of unpredictable referrals and feeling awkward asking clients? Get more referrals for your CPA firm: automated review generation, systematic out..."
/solutions/work-less-earn-more,"Exhausted From 60-Hour Weeks? Work Less & Earn More As A CPA | SmartFirm","Exhausted From 60-Hour Weeks? Work Less & Earn More As A CPA | SmartFirm","Burned out working 60-hour weeks for the same income? Work less earn more as a CPA through automation, value-based pricing, and systematized delivery that ","Exhausted From 60-Hour Weeks? Work Less & Earn More","Burned out working endless hours for the same income? Work less earn more as a CPA: automation handles repetitive tasks, value pricing replaces hourly..."
/solutions/grow-without-growing-pains,"Growth Feels Like Chaos? Grow Your Accounting Firm Without The Stress | SmartFirm","Growth Feels Like Chaos? Grow Your Accounting Firm Without The Stress | SmartFirm","Adding clients feels like adding chaos? Grow your accounting firm without burnout, quality drops, or team breaking: implement systems and automation that s","Growth Feels Like Chaos? Scale Without The Stress","Every new client feels like breaking point? Grow your accounting firm without chaos: systematize delivery, automate repetitive work, and build leverag..."
/solutions/protect-practice-and-future,"Worried About Data Breaches? Protect Your Accounting Practice | SmartFirm","Worried About Data Breaches? Protect Your Accounting Practice | SmartFirm","Losing sleep over data breaches and compliance violations? Protect your accounting practice with enterprise-grade security, automated monitoring, and risk ","Worried About Data Breaches? Protect Your Practice","Losing sleep over cyber threats and compliance violations that could destroy your reputation? Protect your accounting practice: enterprise-grade secur..."
/services/ai-transformation-roadmap,"AI Transformation Roadmap for Accounting Firms | SmartFirm","AI Transformation Roadmap for Accounting Firms | SmartFirm","Strategic AI implementation roadmap for accounting firms. Get a clear 12-month plan to automate workflows and improve efficiency with SmartFirm's AI consulting.","AI Transformation Roadmap: Strategic AI Implementation for Accounting Firms","Stop Guessing Where AI Fits. Get a Clear 12-Month Strategy."
/services/single-process-ai-transformation,"Single-Process AI Optimization | SmartFirm","Single-Process AI Optimization | SmartFirm","Turn your biggest bottleneck into a clear action plan. Focused 1-week AI optimization that delivers real results.","Single Process AI Transformation: Start Small, See Big Results","Turn Your Biggest Bottleneck Into a Clear Action Plan."
/services/marketing-automation-for-accounting-firms,"Marketing Automation for Accounting Firms | SmartFirm","Marketing Automation for Accounting Firms | SmartFirm","Marketing automation for accounting firms captures leads instantly, nurtures prospects through proven sequences, and converts more clients without manual e","Marketing Automation for Accounting Firms","Automate lead follow-up, nurture prospects automatically, and convert 40% more clients. Trusted by 200+ accounting practices."
/services/accounting-firm-technology-consulting,"Accounting Firm Technology Consulting | SmartFirm","Accounting Firm Technology Consulting | SmartFirm","Accounting firm technology consulting integrates disconnected software, automates workflows, and enables your team to serve 2-3x more clients without addit","Accounting Firm Technology Consulting","Integrate your tech stack, eliminate manual data entry, and serve 2-3x more clients without adding headcount. Implemented in 2-4 weeks."
/services/business-optimization-for-accounting-firms,"Business Optimization for Accounting Firms | SmartFirm","Business Optimization for Accounting Firms | SmartFirm","Business optimization for accounting firms analyzes workflows, identifies bottlenecks, and implements process improvements that increase profitability by 2","Business Optimization: Streamline Operations for Your Accounting Firm","Identify revenue leaks, systematize growth processes, and increase profitability 20-30% within 12 months through operational audits and data-driven im..."
/services/fractional-cio-for-accounting-firms,"Fractional CIO for Accounting Firms | SmartFirm","Fractional CIO for Accounting Firms | SmartFirm","Fractional CIO for accounting firms delivers technology roadmaps, vendor management, security assessments, and digital transformation planning without $150","Fractional CIO for Accounting Firms","Strategic technology leadership, vendor management, and digital transformation planning at a fraction of full-time CIO cost. Enable 2-3x faster growth..."
/services/automated-lead-follow-up-for-cpas,"Automated Lead Follow-Up for Accounting Firms | SmartFirm","Automated Lead Follow-Up for Accounting Firms | SmartFirm","Automated lead follow-up for CPAs responds within 60 seconds, nurtures prospects automatically, and converts more leads without manual effort.","Automated Lead Follow-Up: Convert More Prospects for Your Accounting Firm","Respond instantly to every lead, nurture through proven 7-touch sequences, and convert 40% more prospects. Set it and forget it."
/services/automated-review-generation-for-cpas,"Automated Review Generation for CPAs | SmartFirm","Automated Review Generation for CPAs | SmartFirm","Automated review generation for CPAs systematically requests Google reviews at optimal times, tripling five-star reviews and doubling website conversion ra","Automated Review Generation for CPAs","Collect 3-5x more five-star reviews through perfectly-timed requests, convert 2-3x more website visitors, and build trust on autopilot in 90 days."
/services/seo-for-accounting-firms,"SEO For Accounting Firms That Dominates Local Search | SmartFirm","SEO For Accounting Firms That Dominates Local Search | SmartFirm","Our AI-powered SEO for accounting firms uses predictive analytics to help you rank higher on Google, attract qualified prospects through data-driven optimi","SEO For Accounting Firms","SEO for accounting firms gets you found by high-intent prospects searching 'CPA near me': dominate local search results and deliver 3x more qualified ..."
/services/social-media-management-for-cpas,"Social Media Management for Accounting Firms | SmartFirm","Social Media Management for Accounting Firms | SmartFirm","Social media management for CPAs delivers 12-16 compliant posts monthly across LinkedIn, Facebook, and Twitter that build authority and drive referrals wit","Social Media Management: Build Thought Leadership for Your Firm","Build thought leadership with 12-16 compliant posts monthly, drive 30-50% more referrals, and stay top-of-mind. Fully compliant, zero risk."
/services/email-marketing-for-cpas,"Email Marketing for Accounting Firms | SmartFirm","Email Marketing for Accounting Firms | SmartFirm","Email marketing for CPAs delivers automated newsletters, tax reminders, and personalized campaigns that strengthen relationships, reduce churn, and create ","Email Marketing: Retain and Grow Your Accounting Firm's Client Base","Keep clients engaged year-round, increase retention by 25%, and generate $20K-$50K in upsells through automated newsletters and personalized campaigns..."
/services/professional-website-design-for-accounting-firms,"Accounting Firm Website Design | SmartFirm","Accounting Firm Website Design | SmartFirm","Accounting firm website design delivers mobile-optimized, conversion-focused websites with strategic CTAs and SEO foundations that convert visitors into qu","Accounting Firm Website Design","Convert 3-5x more visitors with mobile-optimized layouts, strategic CTAs, and compliance-ready content. Launch in 2-4 weeks, not months."
/services/strategic-content-marketing-for-cpas,"Content Marketing for Accounting Firms | SmartFirm","Content Marketing for Accounting Firms | SmartFirm","Content marketing for CPAs delivers SEO-optimized articles, guides, and resources that attract qualified leads and establish your firm as the trusted autho","Content Marketing: Attract Ideal Clients for Your Accounting Firm","Attract ideal clients with SEO-optimized content, generate 20-30 qualified leads monthly, and command premium fees. Done-for-you, compliance-approved."
/services/reputation-management-for-cpas,"Reputation Management for CPAs | SmartFirm","Reputation Management for CPAs | SmartFirm","Reputation management for CPAs monitors all review platforms 24/7, alerts you instantly to new feedback, and systematically builds five-star presence that ","Reputation Management for CPAs","Monitor reviews 24/7, respond professionally within minutes, and systematically build 50+ five-star reviews that convert prospects into clients."
/services/marketing-strategy-integration-for-accounting-firms,"Strategy & Integration for Accounting Firms | SmartFirm","Strategy & Integration for Accounting Firms | SmartFirm","Strategy and integration for accounting firms aligns your marketing tools, builds custom roadmaps, and delivers seamless onboarding that produces measurabl","Strategy & Integration: Connect Your Firm's Systems Seamlessly","Connect your marketing infrastructure with custom roadmaps, seamless integrations, and white-glove onboarding. Deliver measurable results within 30 da..."
/services/add-ons,"Automation & Marketing Add-Ons | SmartFirm","Automation & Marketing Add-Ons | SmartFirm","Marketing add-ons for accounting firms: blogs, paid ads, newsletters, chatbots, voice AI, social media, trade shows, and retention programs. Scale at your pace.","Automation & Marketing Add-Ons for Accounting Firms","Scale your marketing with flexible add-on services: blogs, paid ads, newsletters, chatbots, social media, and more. No long-term commitments required."
/industries/tax-preparation-marketing-solutions,"Automation For Tax Preparation Firms | SmartFirm","Automation For Tax Preparation Firms | SmartFirm","Marketing for tax preparation firms solves seasonal revenue swings and manual lead follow-up: automate client acquisition, streamline onboarding, and fill ","Automation For Tax Preparation Firms: Streamline Seasonal Workflows","Marketing for tax preparation firms solves seasonal revenue swings and manual lead follow-up: automate client acquisition, streamline onboarding, and ..."
/industries/bookkeeping-services-marketing-automation,"Marketing For Bookkeeping Firms That Commands Premium Fees | SmartFirm","Marketing For Bookkeeping Firms That Commands Premium Fees | SmartFirm","Marketing for bookkeeping firms differentiates your practice from commodity providers and positions you as a strategic financial partner: attract ideal sma","Marketing For Bookkeeping Firms","Marketing for bookkeeping firms differentiates your practice from commodity providers and positions you as a strategic financial partner: attract idea..."
/industries/business-advisory-marketing-services,"Marketing For Business Advisors That Commands Premium Fees | SmartFirm","Marketing For Business Advisors That Commands Premium Fees | SmartFirm","Marketing for business advisors positions you as a strategic growth partner and helps you command premium advisory fees: attract high-value entrepreneurial","Marketing For Business Advisors","Marketing for business advisors positions you as a strategic growth partner and helps you command premium advisory fees: attract high-value entreprene..."
/industries/audit-assurance-marketing-agency,"Marketing For Audit Firms That Builds Trust | SmartFirm","Marketing For Audit Firms That Builds Trust | SmartFirm","Marketing for audit firms establishes credibility and builds the trust organizations need before engaging professional audit services: demonstrate competen","Marketing For Audit Firms","Marketing for audit firms establishes credibility and builds the trust organizations need before engaging professional audit services: demonstrate com..."
/tools,"Free Automation Assessment Tools for Accounting Firms | SmartFirm","Free Automation Assessment Tools for Accounting Firms | SmartFirm","Access free automation tools for accounting firms including growth calculators, ROI assessments, workflow audits, efficiency scorecards, quizzes, and benchmarks.","Automation Assessment Tools For Accounting Firms | SmartFirm","Our free marketing tools for accounting firms help you assess your current state, identify opportunities, and benchmark against competitors through in..."
/tools/efficiency-quiz,"Accounting Firm Efficiency Assessment Tool | SmartFirm","Accounting Firm Efficiency Assessment Tool | SmartFirm","Take our accounting firm efficiency assessment to identify time-wasting processes, automation opportunities, and workflow improvements saving 10+ hours weekly.","Accounting Firm Efficiency Assessment | SmartFirm","This accounting firm efficiency assessment identifies time-consuming manual processes, automation opportunities, workflow bottlenecks, and system inte..."
/tools/marketing-scorecard,"Marketing Assessment Tool for Accountants | SmartFirm","Marketing Assessment Tool for Accountants | SmartFirm","Complete our marketing assessment for accountants scoring your website, SEO, automation, content, social media, and reviews to identify opportunities.","Marketing Assessment For Accountants | SmartFirm","Our marketing assessment for accountants evaluates your website effectiveness, SEO performance, marketing automation, content strategy, social media p..."
/tools/roi-calculator,"Marketing ROI Calculator | SmartFirm","Marketing ROI Calculator | SmartFirm","Calculate marketing ROI for your accounting firm. Estimate returns on ad spend and client lifetime value.","","Built by SmartFirm for accounting firms. See our services. Learn more from AICPA and QuickBooks."
/tools/automation-readiness-quiz,"Automation Readiness Assessment for Accountants | SmartFirm","Automation Readiness Assessment for Accountants | SmartFirm","Discover if you're ready for automation with our readiness assessment for accountants evaluating processes, technology, team, and client base for automation.","Automation Readiness Assessment For Accountants","Our automation readiness assessment for accountants evaluates your current processes, technology infrastructure, team capabilities, and client base to..."
/tools/workflow-bottleneck-finder,"Comprehensive SEO Audit for Accounting Firms | SmartFirm","Comprehensive SEO Audit for Accounting Firms | SmartFirm","Complete our accounting firm workflow audit identifying bottlenecks, redundancies, manual tasks, and automation opportunities across your client delivery process.","Accounting Firm Workflow Audit | SmartFirm","This accounting firm workflow audit maps your entire client delivery process, identifies bottlenecks and redundancies, highlights manual tasks ripe fo..."
/tools/tech-stack-roi-calculator,"Accounting Firm Technology ROI Calculator | SmartFirm","Accounting Firm Technology ROI Calculator | SmartFirm","Calculate your accounting firm technology ROI by inputting software costs, time savings, error reduction, and capacity gains to justify technology investments.","Accounting Firm Technology Roi | SmartFirm","Our accounting firm technology ROI calculator helps you quantify the return on technology investments by measuring time savings, error reduction, capa..."
/tools/client-lifetime-value-calculator,"Client Lifetime Value Calculator | SmartFirm","Client Lifetime Value Calculator | SmartFirm","Calculate client lifetime value for your accounting firm. Understand retention impact and marketing budgets.","Client Lifetime Value Calculator","Built by SmartFirm for accounting firms. See our services. Learn more from AICPA and QuickBooks."
/tools/lead-generation-scorecard,"Lead Generation Scorecard | SmartFirm","Lead Generation Scorecard | SmartFirm","Assess your accounting firm's lead generation effectiveness. Get scored recommendations for improvement.","Lead Generation Scorecard","Built by SmartFirm for accounting firms. See our services. Learn more from AICPA and QuickBooks."
/tools/modern-firm-quiz,"Modern Accounting Firm Assessment Tool | SmartFirm","Modern Accounting Firm Assessment Tool | SmartFirm","Rate your practice with our modern accounting firm assessment measuring technology adoption, client experience, service delivery, and competitive positioning.","Modern Accounting Firm Assessment","This modern accounting firm assessment measures your technology adoption, client experience quality, service delivery methods, and competitive positio..."
/tools/growth-potential-scorecard,"Accounting Firm Growth Scorecard Tool | SmartFirm","Accounting Firm Growth Scorecard Tool | SmartFirm","Use our accounting firm growth scorecard to rate your marketing, operations, client experience, technology, and team to identify growth constraints.","Accounting Firm Growth Scorecard","This accounting firm growth scorecard evaluates your marketing effectiveness, operational efficiency, client experience quality, technology adoption, ..."
/tools/seo-audit,"SEO Audit Tool | SmartFirm","SEO Audit Tool | SmartFirm","Internal SEO audit tool for SmartFirm website analysis","SEO Audit Tools","Choose between basic SEO audit or advanced QA analysis"
/tools/page-grader,"Page Grader | SmartFirm","Page Grader | SmartFirm","Internal page grading and analysis tool","","Rubric-based scoring with actionable, prioritized suggestions"
/tools/advanced-seo-qa,"Advanced SEO QA | SmartFirm","Advanced SEO QA | SmartFirm","Internal advanced SEO quality assurance tool","","Comprehensive quality assurance audit with 52 pages"
/growth-calculator,"Free Accounting Firm Growth Calculator Tool | SmartFirm","Free Accounting Firm Growth Calculator Tool | SmartFirm","Use our accounting firm growth calculator to input your client count, average fees, and capacity—then see how many clients you're leaving on the table.","Accounting Firm Growth Calculator | SmartFirm","This accounting firm growth calculator analyzes your existing client base, pricing structure, and available capacity to reveal your untapped revenue p..."
/case-studies,"Case Studies | Real Results | SmartFirm","Case Studies | Real Results | SmartFirm","Explore real success stories from accounting firms that transformed their practice with SmartFirm's workflow automation, growth systems, and consulting services. See measurable results and ROI.","Real Results from Real Firms","Deep-dive analysis of transformation strategies that deliver measurable outcomes"
/case-studies/payroll-automation-roi,"Payroll Automation ROI: How Accounting Firms Save $8,372+ Annually | SmartFirm","Payroll Automation ROI: How Accounting Firms Save $8,372+ Annually | SmartFirm","Discover how a 12-person accounting firm cut payroll processing from 8 hours to 30 minutes and saved $8,372 annually through automation. See the real ROI and get your Automation Transformation AI Audit & Roadmap.","The Real ROI of Payroll Automation for Accounting Firms","A 12-person accounting firm cut payroll processing from 8 hours to 30 minutes, achieving a 419% ROI in the first year."
/privacy,"Privacy Policy | SmartFirm","Privacy Policy | SmartFirm","Learn how SmartFirm collects, uses, and protects your information. Updated to comply with Oregon Consumer Privacy Act (OCPA).","Privacy Policy","Your privacy is important to us. This policy explains how we collect, use, and protect your information."
/terms,"Terms of Service | SmartFirm","Terms of Service | SmartFirm","SmartFirm terms of service governing the use of our workflow automation software, tools, and consulting services for accounting firms. Updated for Oregon law compliance and industry standards.","Terms of Service","Please read these terms carefully before using our services."
/cookies,"Cookie Policy | SmartFirm","Cookie Policy | SmartFirm","Learn how SmartFirm uses cookies to improve your website experience, remember your preferences, and analyze site usage. Manage your cookie preferences and settings for optimal privacy control.","Cookie Policy","Learn about how we use cookies to improve your experience on our website."
/faq,"Frequently Asked Questions | Accounting Firm Automation | SmartFirm","Frequently Asked Questions | Accounting Firm Automation | SmartFirm","Explore SmartFirm FAQs on SEO agency for accountants, PPC services for accounting firms, accounting firm reputation management service, and more.","Frequently Asked Questions","Get answers to common questions about marketing automation, SEO, PPC, and content marketing for accountants."
/blog,"Blog | SmartFirm - Firm Automation Insights","Blog | SmartFirm - Firm Automation Insights","Expert insights on marketing automation, client acquisition, and growth strategies for accounting and CPA firms. Stay ahead with the latest industry trends.","SmartFirm Blog","Expert insights on marketing automation, client acquisition, and growth strategies for accounting firms."